{"cameraMode":{"drawMode":0,"name":"Shaded","section":"Shading Mode"},"sceneLighting":true,"audioPlay":false,"sceneViewState":{"showFog":true,"showMaterialUpdate":false,"showSkybox":true,"showFlares":true,"showImageEffects":true,"showParticleSystems":true},"in2DMode":false,"pivot":{"x":472.11077880859377,"y":409.0694580078125,"z":-24.211538314819337},"rotation":{"x":-0.009000414982438088,"y":0.005109122022986412,"z":-0.000039708567783236504,"w":-0.9999681115150452},"size":504.509765625,"orthographic":true}