{"cameraMode":{"drawMode":0,"name":"Shaded","section":"Shading Mode"},"sceneLighting":true,"audioPlay":false,"sceneViewState":{"showFog":true,"showMaterialUpdate":false,"showSkybox":true,"showFlares":true,"showImageEffects":true,"showParticleSystems":true},"in2DMode":false,"pivot":{"x":24.682531356811525,"y":5.695905685424805,"z":11.292309761047364},"rotation":{"x":-0.16446663439273835,"y":0.03313358128070831,"z":-0.005527572240680456,"w":-0.9858209490776062},"size":-1.587796926498413,"orthographic":false}