{"cameraMode":{"drawMode":0,"name":"Shaded","section":"Shading Mode"},"sceneLighting":true,"audioPlay":false,"sceneViewState":{"showFog":true,"showMaterialUpdate":false,"showSkybox":true,"showFlares":true,"showImageEffects":true,"showParticleSystems":true},"in2DMode":false,"pivot":{"x":446.54351806640627,"y":163.85507202148438,"z":162.13302612304688},"rotation":{"x":-0.1439703404903412,"y":0.1820717304944992,"z":-0.026958471164107324,"w":-0.9723232388496399},"size":263.37579345703127,"orthographic":true}